﻿{
	"Metadata": {
		"MD_DataIdentification": {
			"title": "Goes16_2017_México_RGB_Pacifico_TormentaTropical_Adrián",
			"purpose": "Proporcionar información procesada y recortada en un formato Raster georreferenciado con un compuesto RGB en color verdadero, mostrando una secuencia de imágenes que forman parte de una colección de los eventos meteorológicos más importantes del país, dichos datos provienen del sensor ABI montado en el satélite GOES 16.\nLa colección de los eventos meteorológicos es un registro histórico para el país, que podrá ser consultado para su análisis posterior.",
			"abstract": "CICLÓN TROPICAL: Tormenta Tropical “Adrián”\nOCÉANO PACIFICO\nINICIO: 09/05/17\nTERMINO: 11/05/17\nAVISOS EMITIDOS\nTotal de avisos de baja presión: 8\nTotal de avisos de ciclón tropical: 6\nTotal de vigilancias meteorológicas: 21 (incluyendo 5 Vigilancias Especiales)\nTotal: 40\nCARACTERISTICAS\nRecorrido (como ciclón tropical): 346.7 km\nDuración: 68 horas\nIntensidad máxima de vientos: 75 km/h con rachas de 95 km/h\nPresión mínima central: 1004 hPa\nIMPACTO\nImpacto en tierra en México: Sin impacto en territorio nacional.\nEstados afectados directamente: Sus desprendimientos nubosos reforzaron las lluvias en Chiapas, Oaxaca, Veracruz y Tabasco.\nETAPAS\nDepresión tropical: 9 de mayo 16:00 hora local (21 GMT) Aviso No. 1\nTormenta tropical: 9 de junio 22:00 hora local (03 GMT) Aviso No.2\nDepresión tropical: 10 de junio 22:00 hora local (03 GMT) Aviso No.6\nBaja presión remanente: 11 de junio 10:00 hora local (15 GMT) Aviso No.8\nANIMACIÓN: Si\nRESEÑA \nEl día 09 de mayo a las 16:00 horas se formó la Depresión Tropical UNO-E del Océano Pacífico, localizándose a 730 km al sur-sureste de Boca de Pijijiapan, Chis., con vientos máximos sostenidos de 55 km/h, rachas de 75 km/h, desplazamiento hacia el oeste-noroeste a 9 km/h y presión mínima central de 1006 hPa, siendo este, el primer ciclón de la temporada en el Pacífico y desarrollándose seis días antes de su fecha de inicio oficial.\nLa Depresión tropical 1-E se generó a partir de una baja presión con potencial para desarrollo ciclónico, cuyo seguimiento se llevó a cabo desde la tarde del 5 de mayo hasta la mañana del día 9 del mismo mes, localizándose al oriente del Golfo de Tehuantepec.\nEl martes 9 de mayo a las 22 :00 horas, la Depresión tropical UNO-E se intensificó a Tormenta Tropical \"Adrián\", desarrollándose aproximadamente a 685 km al sur de Boca de Pijijiapan, Chis., y a 810 km al sur-sureste de Salina Cruz, Oax., con vientos máximos sostenidos de 65 km/h, rachas de 85 km/h, desplazamiento hacia el oeste-noroeste a 11 km/h y presión mínima central de 1005 hPa, dicho sistema presentaba una trayectoria con dirección hacia las costas de Oaxaca y Chiapas.\n\"Adrián\" se mantuvo como Tormenta tropical hasta la tarde del 10 de mayo, en donde se localizaba aproximadamente 570 km al sur de Boca de Pijijiapan, Chis., presentando vientos máximos sostenidos de 65 km/h con rachas de 85 km/h, una presión mínima de 1005 hPa y desplazamiento hacia el noroeste a 7 km/h, por lo que disminuyó su velocidad de desplazamiento, debilitándose paulatinamente, debido a la cercanía con el continente, sin embargo, por su cercanía con el país, sus bandas nubosas reforzaron el potencial de lluvias en el sureste del territorio nacional.\nA las 22:00 horas \"Adrián\" se degradó a Depresión Tropical, aproximadamente a 565 km al sur de Boca de Pijijiapan, Chis., y a 675 km al sur-sureste de Salina Cruz, Oax., con vientos máximos sostenidos de 55 km/h, rachas de 75 km/h y presión mínima central de 1007 hPa., debido a las características de la temperatura superficial del mar, la cercanía con el continente y las condiciones atmosféricas, nunca presento un nuevo desarrollo, debilitándose a Baja Presión Remanente el 11de mayo a las 10:00 horas y disipándose sobre el Istmo de Tehuantepec, aproximadamente a 430 km al sur-suroeste de Tapachula, Chis., y a 555 km al sur-sureste de Bahías de Huatulco, Oax., por lo que el Servicio Meteorológico Nacional emitió el último aviso.\nFuente: Angélica Baca Cruz, 2017, Ciclones Tropicales 2017, Gerencia de Meteorología y Climatología, Subgerencia de Pronóstico Meteorológico, Centro Nacional de Prevención del Tiempo, Comisión Nacional del Agua (CONAGUA).\nhttp://smn.cna.gob.mx/tools/DATA/Ciclones%20Tropicales/Ciclones/2017-Adrian.pdf",
			"MD_DataIdentification_language": "ES - Español.",
			"topicCategory": {
				"principalTopic": "3. Atmósfera climatológica, meteorológica: Procesos y fenómenos atmosféricos.",
				"groupCategory": "1. Grupo de datos de recursos naturales y clima: Subdivisión de la Infraestructura de Datos Espaciales de México que representan espacialmente la distribución y naturaleza de los recursos naturales que existen en el territorio nacional, así como la configuración de sus diversos climas. A través de ellos puede obtenerse información del estado, presión y respuesta de la interacción humana con su medio ambiente."
			},
			"keyword": [
				"Tormenta Adrián",
				"Tormentas 2017",
				"Goes 16",
				"Océano Pacifico"
			],
			"type": [
				"3. Estrato: La palabra clave identifica una capa de cualquier material depositado.",
				"4. Temporal: La palabra clave identifica un periodo de tiempo relacionado al conjunto de datos espaciales o producto.",
				"3. Estrato: La palabra clave identifica una capa de cualquier material depositado.",
				"2. Lugar: La palabra clave identifica un lugar o ubicación cubierto por el conjunto de datos espaciales o producto."
			],
			"thesaurusName": "",
			"edition": "1",
			"presentationForm": "3. Imagen digital: Imagen semejante a cosas construidas por el hombre, objetos y actividades adquiridas por medio de la percepción visual o por medio de sensores en cualquier segmento del espectro electromagnético (infrarrojo térmico, radar de alta resolución) y almacenados en formato digital.",
			"CI_OnlineResource": {
				"CI_OnlineResource_linkage": "http://www.lanot.unam.mx/goes.php",
				"CI_OnlineResource_description": "La URL http://www.lanot.unam.mx/goes.php conduce a la página principal del instituto generador del conjunto de las imágenes, en esta página se encuentra información respecto a la manera de obtener el conjunto de las imágenes."
			},
			"maintenanceAndUpdateFrequency": "9. No programado: La actualización de los datos no está planeada.",
			"MD_DataIdentification_characterSet": "4. Utf8: Formato de Transferencia UCS de tamaño variable de 8-bit, basado en ISO/IEC 10646.",
			"graphfilename": "Trayectoria_Adrián.png",
			"specuse": "El Laboratorio Nacional de Observación de la Tierra (LANOT), cuyo objetivo primario es recibir, almacenar, procesar y llevar a cabo la distribución interactiva de datos e imágenes satelitales, desarrolla diferentes proyectos con diversas instituciones. Con la Coordinación de Colecciones Universitarias Digitales (CCUD), se tiene convenio para la publicación de eventos meteorológicos históricos, generando una secuencia de imágenes de los principales ciclones tropicales del año en costas mexicanas.\nLas imágenes provienen de los datos del sensor ABI que se encuentra en el satélite GOES-16 (East) y son procesados en la estación de recepción del LANOT, los cuales llegan con una temporalidad de 15 minutos para las regiones de disco completo (Full Disk), de 5 minutos para la región US continental (CONUS) y 5 minutos para las 2 regiones dinámicas para eventos extraordinarios (Mesoescala).\nLa obtención del color verde sintético para generar el producto de imágenes en color verdadero RGB, es de gran utilidad por su uso en la detección del movimiento de las nubes en el monitoreo diurno de los ciclones tropicales.\nLas imágenes están disponibles en formato GeoTIFF, un formato de imagen georreferenciado que puede ser procesado en cualquier Sistema de Información Geográfica. \nLa secuencia de imágenes de la colección es a cada 15 minutos, por lo cual la visualización de los eventos es más fluida que en satélites anteriores.\nPara más información del sensor ABI y la serie de satélites GOES R:\nhttps://www.goes-r.gov/spacesegment/abi.html"
		},
		"CI_Date": {
			"Dates_Events": {
				"date": [
					"2018-09-02",
					"2018-09-03",
					"2018-09-04"
				],
				"dateType": [
					"1. Creación: Indicador  de la fecha que especifica cuando fue creado el recurso.",
					"2. Publicación: Indicador de la fecha que especifica cuando el recurso fue publicado.",
					"3. Revisión: Identificador de la fecha que especifica cuando el recurso fue examinado o re-examinado y mejorado o corregido."
				]
			},
			"Ad_Date": {
				"date_creation": "",
				"date_begin": "",
				"date_end": "",
				"inpname": ""
			}
		},
		"CI_ResponsibleParty": [
			{
				"CI_ResponsibleParty_individualName": "Jorge Prado Molina",
				"CI_ResponsibleParty_organisationName": "Laboratorio Nacional de Observación de la Tierra",
				"CI_ResponsibleParty_positionName": "Coordinador del LANOT",
				"CI_ResponsibleParty_voice": "5623 0222 Ext.: 45475 y 45479",
				"CI_ResponsibleParty_facsimile": "",
				"CI_ResponsibleParty_deliveryPoint": "Investigación Científica, Ciudad Universitaria",
				"CI_ResponsibleParty_city": "Ciudad de México",
				"CI_ResponsibleParty_administrativeArea": "Coyoacán",
				"CI_ResponsibleParty_postalCode": "04510",
				"CI_ResponsibleParty_country": "México",
				"CI_ResponsibleParty_electronicMailAddress": "jprado@igg.unam.mx",
				"CI_ResponsibleParty_linkage": "http://www.lanot.unam.mx/lanot.html",
				"CI_ResponsibleParty_role": "7. Punto de contacto: Parte que puede ser contactada para informarse sobre el recurso o adquisición del mismo."
			},
			{
				"CI_ResponsibleParty_individualName": "Gabriela Gómez Rodríguez",
				"CI_ResponsibleParty_organisationName": "Laboratorio Nacional de Observación de la Tierra",
				"CI_ResponsibleParty_positionName": "Encargada de las Estaciones Receptoras del LANOT",
				"CI_ResponsibleParty_voice": "5623 0222 Ext.: 45517",
				"CI_ResponsibleParty_facsimile": "",
				"CI_ResponsibleParty_deliveryPoint": "Investigación Científica, Ciudad Universitaria",
				"CI_ResponsibleParty_city": "Ciudad de México",
				"CI_ResponsibleParty_administrativeArea": "Coyoacán",
				"CI_ResponsibleParty_postalCode": "04510",
				"CI_ResponsibleParty_country": "México",
				"CI_ResponsibleParty_electronicMailAddress": "gabyg@igg.unam.mx",
				"CI_ResponsibleParty_linkage": "http://www.lanot.unam.mx/lanot.html",
				"CI_ResponsibleParty_role": "6. Creador: Parte que creó el recurso."
			},
			{
				"CI_ResponsibleParty_individualName": "Manuel Suárez Lastra",
				"CI_ResponsibleParty_organisationName": "Laboratorio Nacional de Observación de la Tierra",
				"CI_ResponsibleParty_positionName": "Responsable del proyecto del LANOT",
				"CI_ResponsibleParty_voice": "5623 0222 Ext.: 44832",
				"CI_ResponsibleParty_facsimile": "",
				"CI_ResponsibleParty_deliveryPoint": "Investigación Científica, Ciudad Universitaria",
				"CI_ResponsibleParty_city": "Ciudad de México",
				"CI_ResponsibleParty_administrativeArea": "Coyoacán",
				"CI_ResponsibleParty_postalCode": "04510",
				"CI_ResponsibleParty_country": "México",
				"CI_ResponsibleParty_electronicMailAddress": "msuarez@igg.unam.mx",
				"CI_ResponsibleParty_linkage": "http://www.lanot.unam.mx/lanot.html",
				"CI_ResponsibleParty_role": "6. Creador: Parte que creó el recurso."
			}
		],
		"geographicElement": {
			"EX_GeographicBoundingBox": {
				"westBoundLongitude": "-123",
				"eastBoundLongitude": "-78",
				"southBoundLatitude": "6",
				"northBoundLatitude": "34"
			},
			"spatialRepresentationType": "2. Raster: Los datos malla o cuadrícula se utilizan también para representar datos espaciales."
		},
		"MD_ReferenceSystem": {
			"ReferenceHorizontalSystem": {
				"geograph": {
					"latres": "0.019321191867168",
					"longres": "0.017855787050752",
					"geogunit": "Grados decimales."
				},
				"planar": {
					"mapprojn": {
						"lambertc": {
							"lambertc_stdparll": "",
							"lambertc_longcm": "",
							"lambertc_latprjo": "",
							"lambertc_feast": "",
							"lambertc_fnorth": ""
						},
						"mercatort": {
							"mercatort_sfctrmer": "",
							"mercatort_longcm": "",
							"mercatort_latprjo": "",
							"mercatort_feast": "",
							"mercatort_fnorth": ""
						},
						"mercator": {
							"mercator_stdparll": "",
							"mercator_sfec": "",
							"mercator_longcm": "",
							"mercator_feast": "",
							"mercator_fnorth": ""
						},
						"tme": {
							"tme_sfctrmer": "",
							"tme_longcm": "",
							"tme_latprjo": "",
							"tme_feast": "",
							"tme_fnorth": ""
						},
						"anoth_proj_def": ""
					},
					"gridcoordinatessystem": {
						"utm": {
							"utm_zone": "",
							"utm_sfctrmer": "",
							"utm_longcm": "",
							"utm_latprjo": "",
							"utm_feast": "",
							"utm_fnorth": ""
						}
					},
					"local_planar": {
						"local_planar_desc": "",
						"local_planar_geo_inf": ""
					},
					"planci": {
						"plance": "",
						"coord_repres": {
							"absres": "",
							"ordres": ""
						},
						"distance_and_bearing_repres": {
							"distance_res": "",
							"bearing_res": "",
							"bearing_uni": "",
							"ref_bearing_dir": "",
							"ref_bearing_mer": ""
						},
						"plandu": ""
					}
				},
				"local_coordinates": {
					"local_desc": "",
					"local_geo_inf": ""
				},
				"geodetic": {
					"horizdn": "WGS84",
					"ellips": "WGS84",
					"semiaxis": "6378137.0",
					"denflat": "298.2572243563"
				}
			},
			"ReferenceVerticalSystem": {
				"altsys": {
					"altdatum": "",
					"altres": "",
					"altunits": "",
					"altenc": ""
				},
				"depthsys": {
					"depthdn": "",
					"depthres": "",
					"depthdu": "",
					"depthem": ""
				}
			}
		},
		"DQ_DataQuality": {
			"DQ_Scope": {
				"level": "4. Sesión de la colección: Información aplicada a la sesión de la colección."
			},
			"report": {
				"DQ_Completeness": {
					"DQ_Completeness_evalqualsubname": {
						"DQ_Completeness_nameOfMeasure": "",
						"DQ_Completeness_measureDescription": "",
						"DQ_Completeness_result": {
							"DQ_Completeness_DQ_QuantitativeResult": {
								"DQ_Completeness_valueUnit": "",
								"DQ_Completeness_value": ""
							}
						}
					}
				},
				"DQ_LogicConsistency": {
					"DQ_LogicConsistency_evalqualsubname": {
						"DQ_LogicConsistency_nameOfMeasure": "",
						"DQ_LogicConsistency_measureDescription": "",
						"DQ_LogicConsistency_result": {
							"DQ_LogicConsistency_DQ_QuantitativeResult": {
								"DQ_LogicConsistency_valueUnit": "",
								"DQ_LogicConsistency_value": ""
							}
						}
					}
				},
				"PositionalAccuracy": {
					"PositionalAccuracy_evalqualsubname": {
						"PositionalAccuracy_nameOfMeasure": "",
						"PositionalAccuracy_measureDescription": "",
						"PositionalAccuracy_result": {
							"PositionalAccuracy_DQ_QuantitativeResult": {
								"PositionalAccuracy_valueUnit": "",
								"PositionalAccuracy_value": ""
							}
						}
					}
				},
				"TemporalAccuracy": {
					"TemporalAccuracy_evalqualsubname": {
						"TemporalAccuracy_nameOfMeasure": "",
						"TemporalAccuracy_measureDescription": "",
						"TemporalAccuracy_result": {
							"TemporalAccuracy_DQ_QuantitativeResult": {
								"TemporalAccuracy_valueUnit": "",
								"TemporalAccuracy_value": ""
							}
						}
					}
				},
				"ThematicAccuracy": {
					"ThematicAccuracy_evalqualsubname": {
						"ThematicAccuracy_nameOfMeasure": "",
						"ThematicAccuracy_measureDescription": "",
						"ThematicAccuracy_result": {
							"ThematicAccuracy_DQ_QuantitativeResult": {
								"ThematicAccuracy_valueUnit": "",
								"ThematicAccuracy_value": ""
							}
						}
					}
				}
			},
			"LI_Lineage": {
				"statement": "La composición RGB en color verdadero de las bandas del sensor ABI se generan a partir de un verde sintético, esto se hace partir de la banda azul (0.47 µm), la banda roja (0.64 µm) y la primera banda del infrarrojo cercano (0.86 µm).",
				"LI_ProcessStep": {
					"LI_ProcessStep_description": "Se reciben los datos L1b de ABI correspondiente a valores de radiancias calibradas en las 16 bandas.\nEl sensor ABI, en sus 16 canales, no contiene una banda verde (0.55 µm), la cual se necesita para generar imágenes RGB (color verdadero). Para esto se genera un verde sintético a partir de la banda azul (0.47 µm), roja (0.64 µm) e infrarrojo cercano (0.86 µm) en valores de reflectancia. Éstas son ingestadas en un Look-Up-Table (LUT) para determinar la reflectancia en la banda verde, posteriormente se aplica la corrección de Rayleigh y un realce logarítmico a la banda roja, verde sintético y azul para obtener una imagen en color verdadero.\nDebido a que las bandas utilizadas para generar este producto son de los canales reflectantes, el color natural solo está disponible para las imágenes diurnas.\nLas imágenes corresponden al Disco Completo (Full Disk) en RGB (color verdadero), este es recortado para la región de México y reproyectado.\nEste proceso se realiza con cada escaneo del satélite en Modo 3 del Disco Completo (Full Disk), correspondiente a cada 15 minutos.\nSoftware: Terascan SeaSpace, GDAL 2.3.1, sistema Linux Centos 6.9"
				},
				"LI_Source": {
					"LI_Source_description": "Bandas del sensor ABI del satelite Goes 16 utilizadas:\nABI Banda No.\t\tAprox. Longitud de Onda Central(µm)\tBanda ?Nickname?\tTipo de Banda\n1\t\t\t0.47\t\t\t\"Blue\"\t\tVisible\n2\t\t\t0.64\t\t\t\"Red\"\t\tVisible\n3\t\t\t0.86\t\t\t\"Veggie\"\t\tInfraRojo-Cercano"
				}
			}
		},
		"Attributes": {
			"schemaAscii": "",
			"entity_detail": ""
		},
		"MD_Distribution": {
			"accessConstraints": "8. Publico: De acceso y descarga libre",
			"useConstraints": "8. Publico: De acceso y descarga libre",
			"otherConstraints": "",
			"MD_Format": {
				"name": "GeoTiff/Tiff",
				"version": "1"
			}
		},
		"Inf_Metadata": {
			"metadataStandardName": "ISO 19115 Información Geográfica - Metadatos (Norma Técnica para Metadatos).",
			"metadataStandardVersion": "2003 (1.0).",
			"Inf_Metadata_language": "ES - Español.",
			"CI_ResponsibleParty": {
				"Inf_Metadata_CI_ResponsibleParty_individualName": "Jorge Prado Molina",
				"Inf_Metadata_CI_ResponsibleParty_organisationName": "Laboratorio Nacional de Observación de la Tierra",
				"Inf_Metadata_CI_ResponsibleParty_positionName": "Coordinador del LANOT",
				"Inf_Metadata_CI_ResponsibleParty_voice": "5623 0222 Ext.: 45475 y 45479",
				"Inf_Metadata_CI_ResponsibleParty_facsimile": "",
				"Inf_Metadata_CI_ResponsibleParty_deliveryPoint": "Investigación Científica, Ciudad Universitaria",
				"Inf_Metadata_CI_ResponsibleParty_city": "Ciudad de México",
				"Inf_Metadata_CI_ResponsibleParty_administrativeArea": "Coyoacán",
				"Inf_Metadata_CI_ResponsibleParty_postalCode": "04510",
				"Inf_Metadata_CI_ResponsibleParty_country": "México",
				"Inf_Metadata_CI_ResponsibleParty_electronicMailAddress": "jprado@igg.unam.mx",
				"Inf_Metadata_CI_ResponsibleParty_role": "6. Creador: Parte que creó el recurso."
			},
			"dateStamp": "",
			"Inf_Metadata_characterSet": "4. Utf8: Formato de Transferencia UCS de tamaño variable de 8-bit, basado en ISO/IEC 10646."
		}
	}
}